name,id,designation,tech/manufacturer,system id,fleet pts,hitpoints,armor rating,max flux,8/6/5/4%,flux dissipation,ordnance points,fighter bays,max speed,acceleration,deceleration,max turn rate,turn acceleration,mass,shield type,defense id,shield arc,shield upkeep,shield efficiency,phase cost,phase upkeep,min crew,max crew,cargo,fuel,fuel/ly,range,max burn,base value,cr %/day,CR to deploy,peak CR sec,CR loss/sec,supplies/rec,supplies/mo,c/s,c/f,f/s,f/f,crew/s,crew/f,hints,tags,rarity,breakProb,minPieces,maxPieces,travel drive,number
Kroozer,ork_kroozer,Cruiser,Orks,rammingdrive,24,15000,1200,11500,15000,800,160,,65,25,5,15,8,3000,FRONT,,60,.7,.9,,,250,600,300,350,9,35,8,170000,3,8,720,0.25,28,15,,,,,,,,"rare_bp, ork_project_bp",,0.4,3,5,,
Dreadnot,ork_dreadnotv2,Battleship,Orks,rammingdrive,60,65000,2200,50000,15000,1350,300,2,35,10,4,6,5,10000,FRONT,,80,.2,1,,,850,1600,950,1350,20,24,8,300000,3,20,900,0.15,50,35,,,,,,,,"rare_bp, ork_project_bp",,.5,3,5,,
Dreader,ork_dread,Battleship,Orks,rammingdrive,40,40000,1600,34500,15000,950,300,,55,25,10,12,8,8000,FRONT,,80,.4,1,,,395,600,300,600,14,30,8,200000,3,20,700,.25,40,25,,,,,,,,"rare_bp, ork_project_bp",,.6,2,4,,
Destroyah,ork_destroyah,Heavy Destroyer,Orks,rammingdrive,12,4000,400,5000,1875,500,125,,135,80,10,30,50,550,FRONT,,60,.7,.9,,,50,120,120,80,2,30,10,30000,8,10,540,0.25,12,8,8,50,,,,,,"rare_bp, ork_project_bp",0.75,0.4,2,2,,
Hammah,ork_hammah,Phase Destroyer,Orks,rammingdrive,9,4000,450,15000,15000,800,160,,75,35,7,20,10,3000,PHASE,phasecloak,60,,,0.06,0.06,150,225,300,350,4,35,8,170000,3,8,720,0.25,11,12,,,,,,,,"rare_bp, ork_project_bp",,0.4,3,5,,
Skimmah,ork_skimmah,Cruiser,Orks,ork_displacer,22,10000,900,13500,15000,750,160,,80,35,7,20,10,3000,FRONT,,45,.8,.9,,,300,575,300,350,4,35,8,170000,3,8,720,0.25,11,12,,,,,,,,"rare_bp, ork_project_bp",,0.4,3,5,,
Frigga,ork_frigga,Heavy Frigate,Orks,rammingdrive,7,3750,450,2000,1875,150,60,,150,120,100,60,90,300,PHASE,damper,,,,,,30,50,80,80,1,30,10,30000,8,10,300,0.25,6,6,8,50,,,,,,"rare_bp, ork_project_bp",0.75,0.4,2,2,,
Faysa,ork_faysa,Phase Frigate,Orks,rammingdrive,7,2500,300,1200,2000,160,45,,110,120,90,45,90,200,PHASE,phasecloak,90,,,0.06,0.06,20,45,80,80,1,20,9,26000,10,20,180,0.25,6,6,,,,,,,,"rare_bp, ork_project_bp",,0.5,2,2,,
Smasha,ork_smasha,Heavy Destroyer,Orks,rammingdrive,9,6500,800,7500,1875,625,135,,90,40,10,30,20,800,FRONT,,60,.7,.9,,,50,120,120,80,2,30,10,30000,8,10,540,0.25,12,8,8,50,,,,,,"rare_bp, ork_project_bp",0.75,0.4,2,2,,
Blasta,ork_blasta,Cruiser,Orks,rammingdrive,28,13500,1100,15000,15000,800,160,,95,45,15,35,15,3250,FRONT,,65,.8,.9,,,300,575,300,350,3,35,8,170000,3,8,720,0.25,11,12,,,,,,,,"rare_bp, ork_project_bp",,0.4,3,5,,
Smasha dodg'a,ork_dodger,Heavy Destroyer,Orks,ork_displacer,12,4000,450,6350,1875,450,125,,90,40,10,30,20,800,FRONT,,60,.7,.9,,,50,120,120,80,2,30,10,30000,8,10,540,0.25,12,8,8,50,,,,,,"rare_bp, ork_project_bp",0.75,0.4,2,2,,
Grot,ork_grot,Frigate,Orks,rammingdrive,5,4000,600,3250,1875,175,70,,90,55,20,35,25,800,FRONT,,60,.7,.9,,,35,95,120,80,2,30,10,30000,8,8,540,0.25,6,5,8,50,,,,,,"rare_bp, ork_project_bp",0.75,0.4,2,2,,
Vencha,ork_vencha,Cruiser,Orks,rammingdrive,11,10000,800,8575,6000,575,145,0,55,25,10,12,6,1500,FRONT,,70,0.4,1,,,80,300,600,180,3,60,7,70000,5,10,540,0.25,14,14,,,,,,,,"rare_bp, ork_project_bp",,0.4,2,3,,
Flyboss,ork_carrier,Battle Carrier,Orks,rammingdrive,15,10000,900,4000,4000,200,125,4,35,15,10,10,10,2000,FRONT,,70,0.4,1,,,200,300,100,60,4,15,8,125000,4,12,420,0.25,14,15,,,,,,,"CARRIER, COMBAT, NO_AUTO_ESCORT","rare_bp, ork_project_bp",,0.4,2,3,,
,,,,,,,,,,,,,,,,,,,,,,,,,,,,,,,,,,,,,,,,,,,,,,,,,,,,,
Loota,ork_loota,Heavy Freighter,Orks,rammingdrive,10,11500,950,4250,2000,275,55,,40,20,10,10,10,1500,FRONT,,90,0.5,1,,,40,200,850,120,4,30,7,40000,3,20,480,0.25,6,6,150,225,,,,,"CIVILIAN, FREIGHTER","rare_bp, ork_project_bp",,0.6,2,3,,
Tanka,ork_tanka,Tanker,Orks,rammingdrive,10,6500,575,3120,2500,150,45,,50,30,20,25,15,400,FRONT,,60,0.5,1.2,,,10,20,20,1250,2,30,8,22000,5,20,300,0.25,4,4,,,200,400,,,"CIVILIAN, TANKER","rare_bp, ork_project_bp",,0.75,3,4,,
Booma,ork_booma,Tanker,Orks,rammingdrive,20,14500,1450,12000,2500,575,200,,20,15,8,8,6,7500,FRONT,,60,0.5,1.2,,,500,850,450,5750,2,30,8,125000,5,20,300,0.25,15,15,,,200,400,,,"CIVILIAN, TANKER","rare_bp, ork_project_bp",,0.75,3,4,,
Haul'a,ork_hauler,Superfreighter,Orks,rammingdrive,20,14500,1450,12000,5000,575,200,,20,15,8,7,4,4000,FRONT,,60,0.5,1,,,450,750,2250,400,6,67,6,75000,2,20,720,0.25,10,10,200,333,,,,,"CIVILIAN, FREIGHTER","rare_bp, ork_project_bp",,0.7,2,4,,
,,,,,,,,,,,,,,,,,,,,,,,,,,,,,,,,,,,,,,,,,,,,,,,,,,,,,
Guardian,guardian,Drone Battleship,Explorarium,plasmajets,30,20000,1700,25000,25000,1000,450,,40,30,20,7,10,3500,FRONT,,200,0.4,1,,,0,0,300,400,15,27,7,500000,3,12,720,0.25,40,40,,,,,,,"UNBOARDABLE, HIDE_IN_CODEX","derelict, no_autofit",,0.4,2,4,,