name,id,tier,rarity,base value,range,damage/second,damage/shot,emp,impact,turn rate,OPs,ammo,ammo/sec,reload size,type,energy/shot,energy/second,chargeup,chargedown,burst size,burst delay,min spread,max spread,spread/shot,spread decay/sec,beam speed,proj speed,launch speed,flight time,proj hitpoints,autofireAccBonus,extraArcForAI,hints,tags,groupTag,tech/manufacturer,for weapon tooltip>>,primaryRoleStr,speedStr,trackingStr,turnRateStr,accuracyStr,customPrimary,customPrimaryHL,customAncillary,customAncillaryHL,noDPSInTooltip,number
Dakka,ork_dakka,5,,45000,950,,650,,350,3,16,,,,HIGH_EXPLOSIVE,370,,0,4,4,.20,0,5,5,10,,750,,,800,,,"SYSTEM,SHOW_IN_CODEX",,,Orks,,Anti Armor,,,,,,,,,,8
Scrapgun,ork_scrapgun,2,,15000,750,,200,,200,8,16,,,,KINETIC,100,,0,4,30,.10,32,32,5,10,,500,,,250,,,,"rare_bp, ork_project_bp",,Orks,,Anti Shield,,,,,,,,,,
Layzah,ork_layzah,3,,9000,1200,2000,,50,20,3,30,,,,ENERGY,,1350,3,0,0,0,,,,,10000,,,,,,,FIRE_WHEN_INEFFICIENT,"energy20, beam15, rare_bp, ork_project_bp",,Orks,,General,,,,,,,,,,
Rippa,ork_rippa,5,,45000,850,,550,,350,4,20,,,,HIGH_EXPLOSIVE,400,,0,1,2,.75,0,5,5,10,,750,,,800,,,,"he19, rare_bp, ork_project_bp",,Orks,,Anti Armor,,,,,,,,,,8
Shoota,ork_shoota,0,,100000,1000,,175,15,0,2,,,,,ENERGY,300,,0,0.2,3,.15,3,12,2,5,,1000,,,,,,"SYSTEM,SHOW_IN_CODEX",,,Orks,,General,,,,,,,,,,40
Thumpa,ork_thumpa,0,,1000,800,,225,,10,20,10,,,,KINETIC,150,,0,1.2,1,,0,15,5,10,,1000,,,30,,,,"kinetic15, rare_bp, ork_project_bp",,Orks,,Anti Shield,,,,,,,,,,4.125
MELTA,ork_bigtpc,0,,100000,1450,,6500,750,500,0,,,,,ENERGY,2000,,1,9,0,,0,5,2,5,,1450,,,3000,,,"SYSTEM,SHOW_IN_CODEX",,,Orks,,General,,,,,,,,,,40
Hotzlug Dizpenza,ork_dispenser,3,,15000,750,,60,,200,20,28,500,50,,HIGH_EXPLOSIVE,50,,0,0,,.05,8,16,1,10,,1000,,,100,,,,"he19, rare_bp, ork_project_bp",,Orks,,Anti Armor,,,,,,,,,,
Fasta Shoota,ork_rotary,1,,2000,500,,15,,3,30,12,250,50,,HIGH_EXPLOSIVE,10,,0,0,,.03,6,30,1,10,,800,,,30,,,,"he15, rare_bp, ork_project_bp",,Orks,,Anti Armor,,,,,,,,,,4.5
Zappah,ork_lightning,3,,20000,800,,200,5,50,30,30,100,100,,ENERGY,800,,0,.35,0,0,,,,,,10000,,,,,25,"SYSTEM,SHOW_IN_CODEX","energy20, beam15, rare_bp, ork_project_bp",,Orks,,General,,,,Perfect,,,,,,19.25