{	
	"combatCapital":{
		"ork_dreadnotv2_standard":7,
		"ork_dread_standard":7,
	},
	"combatLarge":{
		"ork_kroozer_standard":7,
		"ork_skimmah_standard":4,
		"ork_blasta_standard":3,
		"ork_vencha_standard":7,
	},
	"combatMedium":{
		"ork_destroyah_standard":4,	
		"ork_smasha_standard":7,
		"ork_dodger_standard":4,
	},
	"combatSmallForSmallFleet":{
		"ork_frigga_standard":5,
		"ork_grot_standard":8,
	},
	"combatSmall":{
		"ork_frigga_standard":5,
		"ork_grot_standard":8,
	},
	"carrierMedium":{
		"ork_carrier_standard":10,
	},
	"phaseSmall":{
		"ork_faysa_standard":6,
	},
	"phaseMedium":{
		"ork_hammah_standard":8,
	},
	"freighterLarge":{
		"ork_hauler_standard":10,
	},
	"freighterMedium":{
		"ork_loota_standard":5,
		"ork_vencha_standard":7,
		"ork_kroozer_standard":4,
	},
	"tankerMedium":{
		"ork_tanka_standard":6,
		"ork_vencha_standard":7,
		"ork_kroozer_standard":4,
	},
	"tankerLarge":{
		"ork_booma_standard":10,
	},
}
