id,type,text1,text2,text3,text4,notes
#ships,,,,,,
,,,,,,
ork_dreadnotv2,SHIP,"A hulking mass of crudley welded armor around a massive hull, bristling with the biggest weapons the orks can get their hands on. A terrifying foe for any commander to see rushing towards their fleet.",,,,
ork_dread,SHIP,"One of the larger ork ships seen terrorizing the sector, often built around the hull of a much smaller ""kroozer,"" with more and more armor and weapons being added with the ork's success.",,,,
ork_kroozer,SHIP,"The most common cruiser the orks field, the ""Kroozer"" sports two built in cannons to shred anything caught in front of it.",,,,
ork_vencha,SHIP,"Little more than a crushed, and then modified Venture. Jury rigged room for bigger weapons, and a gutted drone bay replaced with massive thrusters. Often deployed en masse to fill ork fleets.",,,,
ork_blasta,SHIP,"An oddity of ork ""engineering."" This ship holds a terrifying, albeit flux-inefficient turret housing three salvaged TPCs, but lacks the capacity to mount many weapons beyond that.",,,,
ork_skimmah,SHIP,"Giving up armor in place of mobility, this cruiser uses a ""TELLYPORTA"" to hazardously teleport short distances; typically for closing in on weak or overwhelmed foes.",,,,
ork_carrier,SHIP,"Although a carrier in name, this ship doesn't shy away from the front lines with an armament belaying a more typical cruiser. ",,,,
ork_destroyah,SHIP,"Massive for it's ship class, yet quite fragile. Stripped of armor to instead fit as much firepower on it's stressed frame as possible.",,,,
ork_smasha,SHIP,"A heavily armored, heavily armed destroyer. Capable of going toe to toe with some cruisers given the right circumstances, and a general nuisance otherwise.",,,,
ork_dodger,SHIP,"An ork Smasher stripped of most armor and weapons in exchange for a teleporter drive crammed into it's hull. Albeit more fragile, it's flanking abilities are nigh-unmatched.",,,,
ork_hammah,SHIP,"The largest phase ship fielded by the orks, the ""Hammah"" excels most at small, targeted strikes, but falters under pressure more than that.",,,,
ork_grot,SHIP,"About as small as ork ships go, the grot is reserved for the lowliest of orks seeking to prove themselves in battle. Often seen charging headlong into the enemy line.",,,,
ork_faysa,SHIP,"With a risk of not being able to find it with it's purple glow, the ""Faysa"" is less of a common sight among ork fleets.",,,,
ork_frigga,SHIP,"Small and overriden, this ship can commonly be seen unloading it's entire store of missles into an enemy, and leaving itself with little armament at all. ",,,,
,,,,,,
#logistics,,,,,,
,,,,,,
ork_booma,SHIP,"Constructed along the carcass of a bisected paragon, only the meanest and toughest warbosses can afford to sport this tanker in their fleet. Still fitted with enough weapons to make their ork crew willing to fly the vessel.",,,,
ork_hauler,SHIP,"Constructed along the carcass of a bisected paragon, only the meanest and toughest warbosses can afford to sport this freighter in their fleet. Still fitted with enough weapons to make their ork crew willing to fly the vessel.",,,,
ork_loota,SHIP,"With a show of ork genius, this ship was a pirate converted freighter, that then haphazardly had cargo space welded back onto it's hull, with heavy armor bolted around it for good measure.",,,,
ork_tanka,SHIP,"A standard tanker for ork fleets, outfitted with much bigger thrusters and weapon capabilities than the typical phaeton.",,,,
,,,,,,
#weapons,,,,,,
,,,,,,
ork_rippa,WEAPON,"Although it may look sophisticated, the ""rippa"" is little more than two hellborne sized barrels fused together to send more shells towards the enemy, albeit at a lower flux efficiency.",,,,
ork_rotary,WEAPON,"Though it may not be overtly apparent at first glance, the ""fastah shoota"" is two assault chainguns bolted together to do just that. Suffers from a short range and abysmal spread.",,,,
ork_dispenser,WEAPON,"""Wat iz diz?"" ""Itz a sturm needla!"" ""And wotz diz/"" ""iz a hepaeztuz zumthin zumthin..."" ""iz gud to combayn and make into dakka dispenza?""",,,,
ork_thumper,WEAPON,"The thumpa, while quite good at shredding enemy shields with heavy, kinetic slugs, suffers from an inefficient flux use to do so.",,,,
ork_layzah,WEAPON,"While the ork's signature lazer of choice chews through flux quite fast, it matches that pace with how quickly it shreds through armor and hull alike if given the chance to focus on a target.",,,,
ork_shoota,WEAPON,A turret comprised of three tpc turrets crudely ripped from battle wreckage. Losing efficiency in the process of being transformed into this massive turret.,,,,
ork_bigtpc,WEAPON,"The signature siege weapon of choice touted on the bow of ork dreadnots, capable of devastating hits against ships and stations alike.",,,,
ork_dakka,WEAPON,"Integrated into the hull of ork Kroozers and locked on a forward angle, these weapons give their fleet a massive level of standard firepower.",,,,
ork_lightning,WEAPON,You shouldn't have this yet.,,,,
,,,,,,
#shipsystems,,,,,,
,,,,,,
ork_displacer,SHIP_SYSTEM,"Using a set of jury rigged phase teleporters and quite a bit of orkish belief, this system allows for the ship to teleport short distances several times in succession.",,,,
rammingdrive,SHIP_SYSTEM,"By directing near all the ship's power to thrusters, ork ships rush headlong into enemy formations. Used by ork captains seemingly at random-- or entirely by accident. Regardless, the result is almost always utter chaos for both sides of battle.",,,,