{
  "starSystem":"ork_Dakka_Den",
  "markets":[
    {
      "entities":["dregruk"],
      "faction":"orks",
      "size":5,
      "freePort":true,

      "startingConditions":[
        "population_5",
        "ork_wardrive",
        "no_atmosphere",
        "hot",
        "ore_rich",
        "rare_ore_moderate"
      ],

      "industries":[
        "population",
        "ork_prevent_infil",
        "spaceport",
        "mining",
        "fuelprod",
        "heavybatteries",
        "militarybase",
        "starfortress"
      ]
    },

    {
      "entities":["orguk"],
      "faction":"orks",
      "size":7,
      "freePort":true,

      "startingConditions":[
        "population_7",
        "ork_wardrive",
        "hot",
        "habitable",
        "extreme_weather",
        "ore_moderate",
        "organics_trace",
        "farmland_poor"
      ],

      "industries":[
        "population",
        "ork_prevent_infil",
        "megaport",
        "farming",
        "lightindustry",
        "mining",
        "heavybatteries",
        "highcommand",
        "starfortress"
      ]
    },

    {
      "entities":["gathrog"],
      "faction":"orks",
      "size":5,
      "freePort":true,

      "startingConditions":[
        "population_5",
        "ork_wardrive",
        "hot",
        "no_atmosphere",
        "ore_moderate",
        "rare_ore_rich",
        "volatiles_trace"
      ],

      "industries":[
        "population",
        "ork_prevent_infil",
        "spaceport",
        "mining",
        "refining",
        ["orbitalworks", "corrupted_nanoforge"],
        "heavybatteries",
        "patrolhq",
        "starfortress"
      ]
    }
  ]
}