{

		
#collapseopen WEAPONS

	# DAKKA
	"dakka_fire":
	[
		{"file":"sounds/sfx_wpn_guns/dakka_fire_01.ogg","pitch":1,"volume":4},
	],	
	"beem_charge":
	[
	    {"file":"sounds/sfx_wpn_energy/beem_charge.ogg","pitch":1,"volume":10},
	],
	"beem_loop":
	[
		{"file":"sounds/sfx_wpn_energy/beem_loop.ogg","pitch":1.0,"volume":10},
	],
	"megacannon_fire":
    [
		{"file":"sounds/sfx_wpn_guns/megacannon_fire.ogg","pitch":1.0,"volume":10},
	],	
	"beem_fire":
	[
		{"file":"sounds/sfx_wpn_energy/beem_fire.ogg","pitch":1.0,"volume":20},
	],
	"melta_fire":
	[
		{"file":"sounds/sfx_wpn_energy/melta_fire.ogg","pitch":1.0,"volume":10},
	],
	"ork_ramming_active":[ 
		{"file":"sounds/sfx_systems/ork_red_button.ogg","pitch":0.7,"volume":0.85},
	],

}




