id,trigger,conditions,script,text,options,notes
greetingOrksFriendly,OpenCommLink,"$faction.id == orks
$faction.friendlyToPlayer","$menuState = fleetConvMain 0
FireAll PopulateOptions","""Oy, wot do you mean we don't krump this one?""
OR
""Yew'z lucky the boss says not ta' krump ya'.""",,
greetingOrksHostileWeaker,OpenCommLink,"$faction.id == orks
$entity.isHostile
$entity.relativeStrength < 0","$menuState = fleetConvMain 0
FireAll PopulateOptions","""Yew wot, mate??""
OR
""They'z got more dakka than us! Beat it ladz!""",,
greetingOrksHostileWeakerDefiant,OpenCommLink,"$faction.id == orks
$entity.isHostile
$entity.relativeStrength < 0
$entity.weakerThanPlayerButHolding",$ignorePlayerCommRequests = true 1,"""Orks are more besta than you, ya' git!""
OR
""I ain't scared of no GROT likez you!""",cutCommLink:Cut the comm link,
greetingOrksHostileStronger,OpenCommLink,"$faction.id == orks
$entity.isHostile
$entity.relativeStrength >= 0",$ignorePlayerCommRequests = true 1,"""Barely worth krumpin', eh lads?""
OR
""Hand ova dat dakka, 'umie.""
OR
""Krump 'em boyz! Turn those zoggin' ships to scrap!""",cutCommLink:Cut the comm link,
greetingOrksNeutral,OpenCommLink,"$faction.id == orks
$faction.neutralToPlayer","$menuState = fleetConvMain 0
FireAll PopulateOptions","""Eh? Who's this zoggin' git?""
OR
""Outta da way, 'umie.""",,
